Degenerate_index,Protein,Amino_acid,Amino_acid_position,CDS_nucleotide_position,Nucleotide_possibilities_at_degenerate (ACGT),TSS,Amino_acid_S,
CYTB_22,CYTB,G,166,498,"['A', 'C', 'G', 'T']",444,G,CYTB_G166
COX1_33,COX1,G,239,717,"['A', 'C', 'G', 'T']",359,G,COX1_G239
ND4_4,ND4,G,137,411,"['A', 'C', 'G', 'T']",347,G,ND4_G137
COX1_6,COX1,V,70,210,"['A', 'C', 'G', 'T']",338,V,COX1_V70
COX1_9,COX1,G,77,231,"['A', 'C', 'G', 'T']",331,G,COX1_G77
ATP6_2,ATP6,G,116,348,"['A', 'C', 'G', 'T']",329,G,ATP6_G116
ND5_26,ND5,P,384,1152,"['A', 'C', 'G', 'T']",317,P,ND5_P384
CYTB_6,CYTB,S1,297,891,"['A', 'C', 'G', 'T']",312,S,CYTB_S297
COX1_38,COX1,G,269,807,"['A', 'C', 'G', 'T']",310,G,COX1_G269
ATP6_4,ATP6,P,139,417,"['A', 'C', 'G', 'T']",309,P,ATP6_P139
COX1_61,COX1,V,380,1140,"['A', 'C', 'G', 'T']",308,V,COX1_V380
COX1_42,COX1,G,284,852,"['A', 'C', 'G', 'T']",307,G,COX1_G284
ND5_14,ND5,G,256,768,"['A', 'C', 'G', 'T']",302,G,ND5_G256
ND4_1,ND4,S1,157,471,"['A', 'C', 'G', 'T']",301,S,ND4_S157
CYTB_27,CYTB,P,285,855,"['A', 'C', 'G', 'T']",295,P,CYTB_P285
COX1_15,COX1,G,121,363,"['A', 'C', 'G', 'T']",295,G,COX1_G121
ND4_14,ND4,G,242,726,"['A', 'C', 'G', 'T']",295,G,ND4_G242
ND5_11,ND5,G,239,717,"['A', 'C', 'G', 'T']",291,G,ND5_G239
ND3_2,ND3,P,43,129,"['A', 'C', 'G', 'T']",291,P,ND3_P43
COX2_5,COX2,G,101,303,"['A', 'C', 'G', 'T']",291,G,COX2_G101
COX1_66,COX1,G,402,1206,"['A', 'C', 'G', 'T']",289,G,COX1_G402
COX1_70,COX1,G,432,1296,"['A', 'C', 'G', 'T']",289,G,COX1_G432
ND5_16,ND5,G,281,843,"['A', 'C', 'G', 'T']",287,G,ND5_G281
COX1_35,COX1,V,243,729,"['A', 'C', 'G', 'T']",287,V,COX1_V243
ND6_3,ND6,G,62,186,"['A', 'C', 'G', 'T']",286,G,ND6_G62
COX1_56,COX1,G,351,1053,"['A', 'C', 'G', 'T']",284,G,COX1_G351
COX1_41,COX1,G,281,843,"['A', 'C', 'G', 'T']",282,G,COX1_G281
ND4_11,ND4,P,224,672,"['A', 'C', 'G', 'T']",281,P,ND4_P224
COX1_4,COX1,G,45,135,"['A', 'C', 'G', 'T']",279,G,COX1_G45
COX1_24,COX1,P,182,546,"['A', 'C', 'G', 'T']",279,P,COX1_P182
CYTB_25,CYTB,P,222,666,"['A', 'C', 'G', 'T']",278,P,CYTB_P222
COX1_11,COX1,P,84,252,"['A', 'C', 'G', 'T']",278,P,COX1_P84
ND3_3,ND3,P,50,150,"['A', 'C', 'G', 'T']",277,P,ND3_P50
ND1_5,ND1,P,75,225,"['A', 'C', 'G', 'T']",276,P,ND1_P75
CYTB_5,CYTB,S1,283,849,"['A', 'C', 'G', 'T']",276,S,CYTB_S283
ND4_15,ND4,G,268,804,"['A', 'C', 'G', 'T']",274,G,ND4_G268
COX1_57,COX1,G,352,1056,"['A', 'C', 'G', 'T']",272,G,COX1_G352
ND4_13,ND4,G,227,681,"['A', 'C', 'G', 'T']",270,G,ND4_G227
CYTB_20,CYTB,P,154,462,"['A', 'C', 'G', 'T']",269,P,CYTB_P154
COX2_14,COX2,G,194,582,"['A', 'C', 'G', 'T']",269,G,COX2_G194
ND5_9,ND5,P,234,702,"['A', 'C', 'G', 'T']",268,P,ND5_P234
COX1_45,COX1,G,296,888,"['A', 'C', 'G', 'T']",268,G,COX1_G296
COX3_9,COX3,G,170,510,"['A', 'C', 'G', 'T']",267,G,COX3_G170
COX1_71,COX1,G,435,1305,"['A', 'C', 'G', 'T']",265,G,COX1_G435
ND4_8,ND4,P,217,651,"['A', 'C', 'G', 'T']",265,P,ND4_P217
ATP6_5,ATP6,P,153,459,"['A', 'C', 'G', 'T']",262,P,ATP6_P153
COX2_1,COX2,P,15,45,"['A', 'C', 'G', 'T']",261,P,COX2_P15
COX2_15,COX2,P,208,624,"['A', 'C', 'G', 'T']",260,P,COX2_P208
ATP6_6,ATP6,A,162,486,"['A', 'C', 'G', 'T']",259,A,ATP6_A162
COX1_16,COX1,G,123,369,"['A', 'C', 'G', 'T']",259,G,COX1_G123
COX1_53,COX1,T,326,978,"['A', 'C', 'G', 'T']",259,T,COX1_T326
COX1_7,COX1,P,72,216,"['A', 'C', 'G', 'T']",257,P,COX1_P72
COX1_8,COX1,G,76,228,"['A', 'C', 'G', 'T']",257,G,COX1_G76
COX1_51,COX1,A,313,939,"['A', 'C', 'G', 'T']",256,A,COX1_A313
ND1_9,ND1,P,180,540,"['A', 'C', 'G', 'T']",255,P,ND1_P180
COX2_7,COX2,V,159,477,"['A', 'C', 'G', 'T']",255,V,COX2_V159
CYTB_4,CYTB,S1,205,615,"['A', 'C', 'G', 'T']",255,S,CYTB_S205
ND5_23,ND5,G,344,1032,"['A', 'C', 'G', 'T']",254,G,ND5_G344
COX2_3,COX2,P,93,279,"['A', 'C', 'G', 'T']",254,P,COX2_P93
CYTB_29,CYTB,G,290,870,"['A', 'C', 'G', 'T']",253,G,CYTB_G290
ND5_22,ND5,A,337,1011,"['A', 'C', 'G', 'T']",253,A,ND5_A337
COX3_5,COX3,P,108,324,"['A', 'C', 'G', 'T']",253,P,COX3_P108
CYTB_7,CYTB,S1,355,1065,"['A', 'C', 'G', 'T']",253,S,CYTB_S355
CYTB_14,CYTB,G,130,390,"['A', 'C', 'G', 'T']",252,G,CYTB_G130
ND1_8,ND1,G,158,474,"['A', 'C', 'G', 'T']",251,G,ND1_G158
COX2_11,COX2,G,177,531,"['A', 'C', 'G', 'T']",250,G,COX2_G177
ND1_2,ND1,G,41,123,"['A', 'C', 'G', 'T']",249,G,ND1_G41
COX3_6,COX3,P,117,351,"['A', 'C', 'G', 'T']",248,P,COX3_P117
COX1_31,COX1,P,222,666,"['A', 'C', 'G', 'T']",248,P,COX1_P222
CYTB_2,CYTB,S1,88,264,"['A', 'C', 'G', 'T']",248,S,CYTB_S88
CYTB_19,CYTB,T,147,441,"['A', 'C', 'G', 'T']",245,T,CYTB_T147
ND5_13,ND5,V,253,759,"['A', 'C', 'G', 'T']",245,V,ND5_V253
COX2_6,COX2,G,131,393,"['A', 'C', 'G', 'T']",245,G,COX2_G131
COX1_65,COX1,P,398,1194,"['A', 'C', 'G', 'T']",245,P,COX1_P398
ND5_4,ND5,S1,305,915,"['A', 'C', 'G', 'T']",245,S,ND5_S305
CYTB_21,CYTB,G,157,471,"['A', 'C', 'G', 'T']",244,G,CYTB_G157
COX2_13,COX2,G,190,570,"['A', 'C', 'G', 'T']",244,G,COX2_G190
COX1_28,COX1,T,207,621,"['A', 'C', 'G', 'T']",244,T,COX1_T207
COX1_40,COX1,A,276,828,"['A', 'C', 'G', 'T']",244,A,COX1_A276
COX3_3,COX3,G,69,207,"['A', 'C', 'G', 'T']",243,G,COX3_G69
COX1_18,COX1,G,125,375,"['A', 'C', 'G', 'T']",243,G,COX1_G125
COX1_39,COX1,G,272,816,"['A', 'C', 'G', 'T']",243,G,COX1_G272
ND4_7,ND4,P,208,624,"['A', 'C', 'G', 'T']",242,P,ND4_P208
CYTB_2,CYTB,P,22,66,"['A', 'C', 'G', 'T']",241,P,CYTB_P22
ND5_1,ND5,G,148,444,"['A', 'C', 'G', 'T']",241,G,ND5_G148
COX1_67,COX1,G,420,1260,"['A', 'C', 'G', 'T']",240,G,COX1_G420
ND4_2,ND4,P,128,384,"['A', 'C', 'G', 'T']",240,P,ND4_P128
ND3_1,ND3,P,25,75,"['A', 'C', 'G', 'T']",239,P,ND3_P25
ND1_14,ND1,G,218,654,"['A', 'C', 'G', 'T']",238,G,ND1_G218
ND5_17,ND5,T,284,852,"['A', 'C', 'G', 'T']",238,T,ND5_T284
ND5_20,ND5,G,318,954,"['A', 'C', 'G', 'T']",238,G,ND5_G318
COX1_64,COX1,V,386,1158,"['A', 'C', 'G', 'T']",238,V,COX1_V386
COX1_34,COX1,P,241,723,"['A', 'C', 'G', 'T']",237,P,COX1_P241
COX1_2,COX1,A,26,78,"['A', 'C', 'G', 'T']",236,A,COX1_A26
ND4L_1,ND4L,G,18,54,"['A', 'C', 'G', 'T']",236,G,ND4L_G18
ND1_11,ND1,T,193,579,"['A', 'C', 'G', 'T']",234,T,ND1_T193
ND5_8,ND5,P,231,693,"['A', 'C', 'G', 'T']",234,P,ND5_P231
COX1_52,COX1,P,315,945,"['A', 'C', 'G', 'T']",234,P,COX1_P315
COX1_78,COX1,P,499,1497,"['A', 'C', 'G', 'T']",234,P,COX1_P499
CYTB_9,CYTB,G,76,228,"['A', 'C', 'G', 'T']",232,G,CYTB_G76
ND5_19,ND5,G,311,933,"['A', 'C', 'G', 'T']",232,G,ND5_G311
ATP6_1,ATP6,P,89,267,"['A', 'C', 'G', 'T']",232,P,ATP6_P89
COX1_12,COX1,G,88,264,"['A', 'C', 'G', 'T']",232,G,COX1_G88
COX1_26,COX1,A,192,576,"['A', 'C', 'G', 'T']",232,A,COX1_A192
COX1_36,COX1,G,252,756,"['A', 'C', 'G', 'T']",232,G,COX1_G252
COX1_14,COX1,P,107,321,"['A', 'C', 'G', 'T']",231,P,COX1_P107
CYTB_4,CYTB,G,34,102,"['A', 'C', 'G', 'T']",229,G,CYTB_G34
CYTB_26,CYTB,P,253,759,"['A', 'C', 'G', 'T']",229,P,CYTB_P253
ND5_21,ND5,P,322,966,"['A', 'C', 'G', 'T']",229,P,ND5_P322
COX1_23,COX1,P,174,522,"['A', 'C', 'G', 'T']",229,P,COX1_P174
COX1_75,COX1,A,446,1338,"['A', 'C', 'G', 'T']",229,A,COX1_A446
COX3_7,COX3,P,130,390,"['A', 'C', 'G', 'T']",228,P,COX3_P130
COX3_14,COX3,G,205,615,"['A', 'C', 'G', 'T']",228,G,COX3_G205
COX1_19,COX1,T,127,381,"['A', 'C', 'G', 'T']",226,T,COX1_T127
ND2_2,ND2,G,107,321,"['A', 'C', 'G', 'T']",226,G,ND2_G107
COX1_7,COX1,S1,362,1086,"['A', 'C', 'G', 'T']",226,S,COX1_S362
COX1_8,COX1,S1,441,1323,"['A', 'C', 'G', 'T']",226,S,COX1_S441
ND5_12,ND5,P,242,726,"['A', 'C', 'G', 'T']",224,P,ND5_P242
ND4_17,ND4,P,371,1113,"['A', 'C', 'G', 'T']",223,P,ND4_P371
ND1_2,ND1,S1,188,564,"['A', 'C', 'G', 'T']",223,S,ND1_S188
COX1_10,COX1,G,79,237,"['A', 'C', 'G', 'T']",222,G,COX1_G79
COX1_58,COX1,G,355,1065,"['A', 'C', 'G', 'T']",222,G,COX1_G355
COX2_9,COX2,A,174,522,"['A', 'C', 'G', 'T']",220,A,COX2_A174
COX2_8,COX2,P,166,498,"['A', 'C', 'G', 'T']",219,P,COX2_P166
COX1_13,COX1,P,95,285,"['A', 'C', 'G', 'T']",219,P,COX1_P95
ND4_16,ND4,A,287,861,"['A', 'C', 'G', 'T']",218,A,ND4_A287
ND5_25,ND5,G,382,1146,"['A', 'C', 'G', 'T']",217,G,ND5_G382
COX1_20,COX1,P,131,393,"['A', 'C', 'G', 'T']",217,P,COX1_P131
ND4_6,ND4,P,159,477,"['A', 'C', 'G', 'T']",217,P,ND4_P159
COX3_4,COX3,G,82,246,"['A', 'C', 'G', 'T']",216,G,COX3_G82
COX1_2,COX1,S1,115,345,"['A', 'C', 'G', 'T']",214,S,COX1_S115
COX1_46,COX1,V,299,897,"['A', 'C', 'G', 'T']",213,V,COX1_V299
COX1_3,COX1,S1,142,426,"['A', 'C', 'G', 'T']",213,S,COX1_S142
ND1_13,ND1,G,203,609,"['A', 'C', 'G', 'T']",212,G,ND1_G203
ND2_1,ND2,G,32,96,"['A', 'C', 'G', 'T']",212,G,ND2_G32
ND4_2,ND4,S1,323,969,"['A', 'C', 'G', 'T']",212,S,ND4_S323
ND1_7,ND1,G,131,393,"['A', 'C', 'G', 'T']",211,G,ND1_G131
CYTB_12,CYTB,G,105,315,"['A', 'C', 'G', 'T']",211,G,CYTB_G105
COX1_69,COX1,P,427,1281,"['A', 'C', 'G', 'T']",209,P,COX1_P427
ND1_4,ND1,P,63,189,"['A', 'C', 'G', 'T']",208,P,ND1_P63
COX1_37,COX1,P,267,801,"['A', 'C', 'G', 'T']",208,P,COX1_P267
COX1_50,COX1,T,309,927,"['A', 'C', 'G', 'T']",208,T,COX1_T309
CYTB_6,CYTB,G,48,144,"['A', 'C', 'G', 'T']",207,G,CYTB_G48
COX3_10,COX3,T,174,522,"['A', 'C', 'G', 'T']",207,T,COX3_T174
COX2_2,COX2,A,70,210,"['A', 'C', 'G', 'T']",207,A,COX2_A70
COX1_79,COX1,P,500,1500,"['A', 'C', 'G', 'T']",206,P,COX1_P500
COX1_27,COX1,A,204,612,"['A', 'C', 'G', 'T']",205,A,COX1_A204
COX1_32,COX1,G,225,675,"['A', 'C', 'G', 'T']",203,G,COX1_G225
ND5_4,ND5,R,176,528,"['A', 'C', 'G', 'T']",202,R,ND5_R176
COX3_16,COX3,G,211,633,"['A', 'C', 'G', 'T']",202,G,COX3_G211
COX1_3,COX1,P,44,132,"['A', 'C', 'G', 'T']",202,P,COX1_P44
CYTB_30,CYTB,P,319,957,"['A', 'C', 'G', 'T']",201,P,CYTB_P319
ATP6_3,ATP6,P,130,390,"['A', 'C', 'G', 'T']",201,P,ATP6_P130
COX1_6,COX1,S1,361,1083,"['A', 'C', 'G', 'T']",201,S,COX1_S361
CYTB_3,CYTB,S1,139,417,"['A', 'C', 'G', 'T']",201,S,CYTB_S139
ND1_6,ND1,G,120,360,"['A', 'C', 'G', 'T']",200,G,ND1_G120
COX3_2,COX3,T,66,198,"['A', 'C', 'G', 'T']",200,T,COX3_T66
ND5_1,ND5,S1,224,672,"['A', 'C', 'G', 'T']",200,S,ND5_S224
ND1_16,ND1,P,278,834,"['A', 'C', 'G', 'T']",199,P,ND1_P278
CYTB_11,CYTB,A,87,261,"['A', 'C', 'G', 'T']",198,A,CYTB_A87
COX1_1,COX1,T,17,51,"['A', 'C', 'G', 'T']",198,T,COX1_T17
COX1_17,COX1,T,124,372,"['A', 'C', 'G', 'T']",198,T,COX1_T124
COX1_62,COX1,G,384,1152,"['A', 'C', 'G', 'T']",198,G,COX1_G384
ND4_3,ND4,T,129,387,"['A', 'C', 'G', 'T']",198,T,ND4_T129
ND2_4,ND2,P,338,1014,"['A', 'C', 'G', 'T']",198,P,ND2_P338
COX3_17,COX3,G,234,702,"['A', 'C', 'G', 'T']",197,G,COX3_G234
COX1_4,COX1,S1,157,471,"['A', 'C', 'G', 'T']",197,S,COX1_S157
ND5_5,ND5,G,178,534,"['A', 'C', 'G', 'T']",196,G,ND5_G178
CYTB_16,CYTB,A,143,429,"['A', 'C', 'G', 'T']",195,A,CYTB_A143
ND5_7,ND5,A,225,675,"['A', 'C', 'G', 'T']",193,A,ND5_A225
COX1_63,COX1,A,385,1155,"['A', 'C', 'G', 'T']",193,A,COX1_A385
COX1_9,COX1,S1,455,1365,"['A', 'C', 'G', 'T']",193,S,COX1_S455
ND1_4,ND1,S1,209,627,"['A', 'C', 'G', 'T']",193,S,ND1_S209
ND2_1,ND2,S1,250,750,"['A', 'C', 'G', 'T']",193,S,ND2_S250
COX1_54,COX1,G,329,987,"['A', 'C', 'G', 'T']",190,G,COX1_G329
ND5_3,ND5,S1,249,747,"['A', 'C', 'G', 'T']",189,S,ND5_S249
COX1_22,COX1,T,167,501,"['A', 'C', 'G', 'T']",188,T,COX1_T167
CYTB_18,CYTB,V,145,435,"['A', 'C', 'G', 'T']",187,V,CYTB_V145
COX1_5,COX1,S1,307,921,"['A', 'C', 'G', 'T']",187,S,COX1_S307
ND5_24,ND5,P,367,1101,"['A', 'C', 'G', 'T']",186,P,ND5_P367
COX3_18,COX3,A,238,714,"['A', 'C', 'G', 'T']",186,A,COX3_A238
ND2_3,ND2,G,169,507,"['A', 'C', 'G', 'T']",184,G,ND2_G169
CYTB_24,CYTB,P,208,624,"['A', 'C', 'G', 'T']",183,P,CYTB_P208
COX1_59,COX1,T,370,1110,"['A', 'C', 'G', 'T']",183,T,COX1_T370
ND5_27,ND5,G,388,1164,"['A', 'C', 'G', 'T']",182,G,ND5_G388
CYTB_23,CYTB,G,204,612,"['A', 'C', 'G', 'T']",181,G,CYTB_G204
ND5_6,ND5,A,219,657,"['A', 'C', 'G', 'T']",181,A,ND5_A219
COX3_11,COX3,T,196,588,"['A', 'C', 'G', 'T']",181,T,COX3_T196
COX3_1,COX3,P,17,51,"['A', 'C', 'G', 'T']",179,P,COX3_P17
COX1_30,COX1,T,217,651,"['A', 'C', 'G', 'T']",179,T,COX1_T217
COX1_77,COX1,A,464,1392,"['A', 'C', 'G', 'T']",178,A,COX1_A464
ND1_3,ND1,P,48,144,"['A', 'C', 'G', 'T']",176,P,ND1_P48
ND1_1,ND1,R,34,102,"['A', 'C', 'G', 'T']",175,R,ND1_R34
ND5_5,ND5,S1,307,921,"['A', 'C', 'G', 'T']",175,S,ND5_S307
ND5_10,ND5,A,236,708,"['A', 'C', 'G', 'T']",174,A,ND5_A236
ND5_6,ND5,S1,391,1173,"['A', 'C', 'G', 'T']",174,S,ND5_S391
COX3_2,COX3,S1,104,312,"['A', 'C', 'G', 'T']",172,S,COX3_S104
COX1_29,COX1,R,213,639,"['A', 'C', 'G', 'T']",171,R,COX1_R213
COX1_76,COX1,G,457,1371,"['A', 'C', 'G', 'T']",171,G,COX1_G457
ND4_1,ND4,T,125,375,"['A', 'C', 'G', 'T']",171,T,ND4_T125
ND4_5,ND4,R,142,426,"['A', 'C', 'G', 'T']",171,R,ND4_R142
CYTB_17,CYTB,T,144,432,"['A', 'C', 'G', 'T']",166,T,CYTB_T144
CYTB_10,CYTB,G,86,258,"['A', 'C', 'G', 'T']",163,G,CYTB_G86
COX3_13,COX3,G,202,606,"['A', 'C', 'G', 'T']",163,G,COX3_G202
COX1_21,COX1,G,140,420,"['A', 'C', 'G', 'T']",163,G,COX1_G140
COX1_68,COX1,T,424,1272,"['A', 'C', 'G', 'T']",163,T,COX1_T424
COX3_3,COX3,S1,140,420,"['A', 'C', 'G', 'T']",163,S,COX3_S140
CYTB_31,CYTB,G,339,1017,"['A', 'C', 'G', 'T']",161,G,CYTB_G339
COX2_4,COX2,T,96,288,"['A', 'C', 'G', 'T']",161,T,COX2_T96
COX2_10,COX2,P,176,528,"['A', 'C', 'G', 'T']",161,P,COX2_P176
COX1_72,COX1,P,437,1311,"['A', 'C', 'G', 'T']",160,P,COX1_P437
COX1_5,COX1,A,62,186,"['A', 'C', 'G', 'T']",158,A,COX1_A62
ND4_9,ND4,A,219,657,"['A', 'C', 'G', 'T']",158,A,ND4_A219
COX3_15,COX3,V,208,624,"['A', 'C', 'G', 'T']",157,V,COX3_V208
ND5_3,ND5,A,171,513,"['A', 'C', 'G', 'T']",156,A,ND5_A171
COX2_12,COX2,R,178,534,"['A', 'C', 'G', 'T']",156,R,COX2_R178
ND6_1,ND6,P,23,69,"['A', 'C', 'G', 'T']",156,P,ND6_P23
COX1_55,COX1,T,349,1047,"['A', 'C', 'G', 'T']",156,T,COX1_T349
ND4_12,ND4,A,226,678,"['A', 'C', 'G', 'T']",156,A,ND4_A226
CYTB_1,CYTB,S1,65,195,"['A', 'C', 'G', 'T']",155,S,CYTB_S65
COX1_74,COX1,P,444,1332,"['A', 'C', 'G', 'T']",154,P,COX1_P444
ND1_3,ND1,S1,205,615,"['A', 'C', 'G', 'T']",154,S,ND1_S205
COX3_8,COX3,T,145,435,"['A', 'C', 'G', 'T']",153,T,COX3_T145
COX1_25,COX1,T,191,573,"['A', 'C', 'G', 'T']",153,T,COX1_T191
ND1_1,ND1,S1,123,369,"['A', 'C', 'G', 'T']",153,S,ND1_S123
COX3_1,COX3,S1,89,267,"['A', 'C', 'G', 'T']",153,S,COX3_S89
COX1_10,COX1,S1,461,1383,"['A', 'C', 'G', 'T']",152,S,COX1_S461
COX3_12,COX3,T,201,603,"['A', 'C', 'G', 'T']",151,T,COX3_T201
ND1_17,ND1,R,281,843,"['A', 'C', 'G', 'T']",150,R,ND1_R281
ND5_18,ND5,T,306,918,"['A', 'C', 'G', 'T']",145,T,ND5_T306
COX1_48,COX1,A,303,909,"['A', 'C', 'G', 'T']",145,A,COX1_A303
CYTB_3,CYTB,P,24,72,"['A', 'C', 'G', 'T']",143,P,CYTB_P24
CYTB_7,CYTB,A,62,186,"['A', 'C', 'G', 'T']",141,A,CYTB_A62
CYTB_13,CYTB,A,127,381,"['A', 'C', 'G', 'T']",139,A,CYTB_A127
ND5_15,ND5,R,262,786,"['A', 'C', 'G', 'T']",138,R,ND5_R262
COX1_47,COX1,T,301,903,"['A', 'C', 'G', 'T']",138,T,COX1_T301
COX1_44,COX1,T,294,882,"['A', 'C', 'G', 'T']",134,T,COX1_T294
ND1_12,ND1,R,195,585,"['A', 'C', 'G', 'T']",133,R,ND1_R195
COX1_60,COX1,V,373,1119,"['A', 'C', 'G', 'T']",132,V,COX1_V373
COX1_49,COX1,T,306,918,"['A', 'C', 'G', 'T']",131,T,COX1_T306
COX2_1,COX2,S1,197,591,"['A', 'C', 'G', 'T']",130,S,COX2_S197
CYTB_28,CYTB,G,289,867,"['A', 'C', 'G', 'T']",129,G,CYTB_G289
COX1_43,COX1,V,287,861,"['A', 'C', 'G', 'T']",128,V,COX1_V287
CYTB_5,CYTB,T,47,141,"['A', 'C', 'G', 'T']",123,T,CYTB_T47
ND4_10,ND4,V,221,663,"['A', 'C', 'G', 'T']",123,V,ND4_V221
ND6_2,ND6,P,25,75,"['A', 'C', 'G', 'T']",122,P,ND6_P25
CYTB_1,CYTB,R,5,15,"['A', 'C', 'G', 'T']",114,R,CYTB_R5
CYTB_15,CYTB,P,134,402,"['A', 'C', 'G', 'T']",113,P,CYTB_P134
ND5_2,ND5,S1,244,732,"['A', 'C', 'G', 'T']",108,S,ND5_S244
ND1_10,ND1,A,191,573,"['A', 'C', 'G', 'T']",105,A,ND1_A191
COX1_1,COX1,S1,9,27,"['A', 'C', 'G', 'T']",105,S,COX1_S9
ND5_2,ND5,R,161,483,"['A', 'C', 'G', 'T']",101,R,ND5_R161
COX1_73,COX1,R,438,1314,"['A', 'C', 'G', 'T']",96,R,COX1_R438
ND1_15,ND1,R,274,822,"['A', 'C', 'G', 'T']",78,R,ND1_R274
CYTB_8,CYTB,R,71,213,"['A', 'C', 'G', 'T']",70,R,CYTB_R71
COX1_80,COX1,T,504,1512,"['A', 'C', 'G', 'T']",64,T,COX1_T504