Degenerate_index,Protein,Amino_acid,Amino_acid_position,CDS_nucleotide_position,Nucleotide_possibilities_at_degenerate (ACGT),TSS
ND5_1,ND5,W,106,318,"['A', 'G']",129
ND5_2,ND5,M,108,324,"['A', 'G']",138
ND5_3,ND5,M,128,384,"['A', 'G']",87
ND5_4,ND5,Q,139,417,"['A', 'G']",92
ND5_5,ND5,W,144,432,"['A', 'G']",147
ND5_6,ND5,M,150,450,"['A', 'G']",110
ND5_7,ND5,W,157,471,"['A', 'G']",119
ND5_8,ND5,W,158,474,"['A', 'G']",239
ND5_9,ND5,Q,170,510,"['A', 'G']",117
ND5_10,ND5,K,223,669,"['A', 'G']",77
ND5_11,ND5,Q,226,678,"['A', 'G']",25
ND5_12,ND5,W,232,696,"['A', 'G']",41
ND5_13,ND5,M,237,711,"['A', 'G']",57
ND5_14,ND5,E,238,714,"['A', 'G']",74
ND5_15,ND5,M,252,756,"['A', 'G']",66
ND5_16,ND5,K,300,900,"['A', 'G']",71
ND5_17,ND5,K,336,1008,"['A', 'G']",112
ND5_18,ND5,Q,354,1062,"['A', 'G']",84
ND5_19,ND5,E,397,1191,"['A', 'G']",89
ND5_20,ND5,W,407,1221,"['A', 'G']",23
ND5_21,ND5,E,445,1335,"['A', 'G']",80
ND5_22,ND5,K,487,1461,"['A', 'G']",30
ND5_23,ND5,K,585,1755,"['A', 'G']",81
CYTB_1,CYTB,K,6,18,"['A', 'G']",54
CYTB_2,CYTB,K,12,36,"['A', 'G']",37
CYTB_3,CYTB,W,31,93,"['A', 'G']",84
CYTB_4,CYTB,Q,44,132,"['A', 'G']",73
CYTB_5,CYTB,W,77,231,"['A', 'G']",41
CYTB_6,CYTB,W,113,339,"['A', 'G']",64
CYTB_7,CYTB,M,124,372,"['A', 'G']",73
CYTB_8,CYTB,W,135,405,"['A', 'G']",68
CYTB_9,CYTB,Q,137,411,"['A', 'G']",82
CYTB_10,CYTB,W,141,423,"['A', 'G']",31
CYTB_11,CYTB,W,163,489,"['A', 'G']",81
CYTB_12,CYTB,W,165,495,"['A', 'G']",35
CYTB_13,CYTB,K,227,681,"['A', 'G']",85
CYTB_14,CYTB,W,272,816,"['A', 'G']",204
CYTB_15,CYTB,K,287,861,"['A', 'G']",72
CYTB_16,CYTB,Q,322,966,"['A', 'G']",85
CYTB_17,CYTB,W,337,1011,"['A', 'G']",39
CYTB_18,CYTB,E,373,1119,"['A', 'G']",73
ND4_1,ND4,W,71,213,"['A', 'G']",106
ND4_2,ND4,E,123,369,"['A', 'G']",85
ND4_3,ND4,Q,139,417,"['A', 'G']",107
ND4_4,ND4,W,196,588,"['A', 'G']",114
ND4_5,ND4,W,215,645,"['A', 'G']",53
ND4_6,ND4,K,218,654,"['A', 'G']",56
ND4_7,ND4,M,229,687,"['A', 'G']",123
ND4_8,ND4,W,267,801,"['A', 'G']",120
ND4_9,ND4,Q,279,837,"['A', 'G']",75
ND4_10,ND4,K,283,849,"['A', 'G']",100
ND4_11,ND4,M,316,948,"['A', 'G']",51
ND4_12,ND4,E,335,1005,"['A', 'G']",101
ND4_13,ND4,W,359,1077,"['A', 'G']",104
ND4_14,ND4,E,378,1134,"['A', 'G']",197
ND4_15,ND4,W,388,1164,"['A', 'G']",92
COX1_1,COX1,W,6,18,"['A', 'G']",41
COX1_2,COX1,K,13,39,"['A', 'G']",66
COX1_3,COX1,E,40,120,"['A', 'G']",148
COX1_4,COX1,Q,43,129,"['A', 'G']",165
COX1_5,COX1,M,71,213,"['A', 'G']",245
COX1_6,COX1,W,81,243,"['A', 'G']",89
COX1_7,COX1,M,86,258,"['A', 'G']",74
COX1_8,COX1,M,92,276,"['A', 'G']",158
COX1_9,COX1,M,100,300,"['A', 'G']",136
COX1_10,COX1,W,126,378,"['A', 'G']",110
COX1_11,COX1,W,186,558,"['A', 'G']",58
COX1_12,COX1,M,208,624,"['A', 'G']",172
COX1_13,COX1,W,236,708,"['A', 'G']",34
COX1_14,COX1,K,264,792,"['A', 'G']",40
COX1_15,COX1,E,266,798,"['A', 'G']",161
COX1_16,COX1,M,273,819,"['A', 'G']",168
COX1_17,COX1,M,277,831,"['A', 'G']",143
COX1_18,COX1,W,288,864,"['A', 'G']",114
COX1_19,COX1,M,292,876,"['A', 'G']",190
COX1_20,COX1,M,310,930,"['A', 'G']",69
COX1_21,COX1,K,319,957,"['A', 'G']",68
COX1_22,COX1,W,323,969,"['A', 'G']",74
COX1_23,COX1,W,334,1002,"['A', 'G']",91
COX1_24,COX1,W,396,1188,"['A', 'G']",39
COX1_25,COX1,K,411,1233,"['A', 'G']",32
COX1_26,COX1,M,436,1308,"['A', 'G']",246
COX1_27,COX1,W,450,1350,"['A', 'G']",10
COX1_28,COX1,W,473,1419,"['A', 'G']",45
COX1_29,COX1,E,474,1422,"['A', 'G']",144
COX1_30,COX1,K,479,1437,"['A', 'G']",88
COX1_31,COX1,W,494,1482,"['A', 'G']",73
ATP6_1,ATP6,W,109,327,"['A', 'G']",82
ND4L_1,ND4L,E,34,102,"['A', 'G']",160
ND1_1,ND1,K,26,78,"['A', 'G']",52
ND1_2,ND1,Q,32,96,"['A', 'G']",39
ND1_3,ND1,K,35,105,"['A', 'G']",96
ND1_4,ND1,K,54,162,"['A', 'G']",53
ND1_5,ND1,K,58,174,"['A', 'G']",45
ND1_6,ND1,E,59,177,"['A', 'G']",127
ND1_7,ND1,W,118,354,"['A', 'G']",105
ND1_8,ND1,W,121,363,"['A', 'G']",126
ND1_9,ND1,Q,138,414,"['A', 'G']",138
ND1_10,ND1,Q,169,507,"['A', 'G']",32
ND1_11,ND1,W,173,519,"['A', 'G']",55
ND1_12,ND1,W,179,537,"['A', 'G']",94
ND1_13,ND1,W,185,555,"['A', 'G']",71
ND1_14,ND1,E,192,576,"['A', 'G']",111
ND1_15,ND1,E,204,612,"['A', 'G']",143
ND1_16,ND1,E,206,618,"['A', 'G']",126
ND1_17,ND1,E,214,642,"['A', 'G']",161
ND1_18,ND1,E,227,681,"['A', 'G']",170
ND1_19,ND1,M,234,702,"['A', 'G']",40
ND1_20,ND1,W,272,816,"['A', 'G']",77
ND1_21,ND1,W,290,870,"['A', 'G']",15
ND1_22,ND1,K,291,873,"['A', 'G']",28
ND3_1,ND3,K,33,99,"['A', 'G']",65
ND3_2,ND3,E,105,315,"['A', 'G']",125
ND3_3,ND3,W,106,318,"['A', 'G']",71
ND2_1,ND2,Q,63,189,"['A', 'G']",74
ND2_2,ND2,K,105,315,"['A', 'G']",29
ND2_3,ND2,W,114,342,"['A', 'G']",27
ND2_4,ND2,W,133,399,"['A', 'G']",32
ND2_5,ND2,W,167,501,"['A', 'G']",58
ND2_6,ND2,Q,172,516,"['A', 'G']",61
ND2_7,ND2,K,177,531,"['A', 'G']",50
ND2_8,ND2,K,263,789,"['A', 'G']",62
COX2_1,COX2,M,17,51,"['A', 'G']",57
COX2_2,COX2,E,19,57,"['A', 'G']",121
COX2_3,COX2,W,65,195,"['A', 'G']",55
COX2_4,COX2,K,98,294,"['A', 'G']",98
COX2_5,COX2,Q,103,309,"['A', 'G']",155
COX2_6,COX2,W,104,312,"['A', 'G']",97
COX2_7,COX2,W,106,318,"['A', 'G']",24
COX2_8,COX2,W,163,489,"['A', 'G']",63
COX2_9,COX2,K,171,513,"['A', 'G']",48
COX2_10,COX2,Q,181,543,"['A', 'G']",61
COX2_11,COX2,E,198,594,"['A', 'G']",114
COX2_12,COX2,M,207,621,"['A', 'G']",244
COX2_13,COX2,E,212,636,"['A', 'G']",102
COX3_1,COX3,M,1,3,['G'],0
COX3_2,COX3,Q,4,12,"['A', 'G']",59
COX3_3,COX3,W,16,48,"['A', 'G']",120
COX3_4,COX3,Q,56,168,"['A', 'G']",108
COX3_5,COX3,W,57,171,"['A', 'G']",90
COX3_6,COX3,W,58,174,"['A', 'G']",80
COX3_7,COX3,E,64,192,"['A', 'G']",126
COX3_8,COX3,Q,76,228,"['A', 'G']",40
COX3_9,COX3,M,83,249,"['A', 'G']",85
COX3_10,COX3,E,90,270,"['A', 'G']",111
COX3_11,COX3,W,99,297,"['A', 'G']",63
COX3_12,COX3,W,116,348,"['A', 'G']",103
COX3_13,COX3,W,146,438,"['A', 'G']",101
COX3_14,COX3,Q,177,531,"['A', 'G']",76
COX3_15,COX3,W,240,720,"['A', 'G']",63
COX3_16,COX3,W,242,726,"['A', 'G']",65
COX3_17,COX3,W,249,747,"['A', 'G']",37